Workbook

Sheet Master_DB
A1: Master_DB (Backend)
A2: 노란 칸만 갱신 → 입력 시트 단가 자동 연동
A4: PARAMETERS
A5: Vol factor (kg/CBM) | B5: 167 | D5: CBM x 167 = 부피중량
A6: CBM divisor (cm) | B6: 1000000 | D6: L x W x H x Qty / 1,000,000
A8: WEIGHT BREAK (kg)
A9: WB_45 | B9: 45
A10: WB_100 | B10: 100
A11: WB_500 | B11: 500
A12: WB_1000 | B12: 1000
A14: 1. Air freight & surcharge
A15: ROUTE | B15: MIN | C15: -45 | D15: +45 | E15: +100 | F15: +500 | G15: +1000 | H15: FSC/kg | I15: SSC/kg | J15: CUR
A16: ICN-HKG | B16: 50 | D16: 4.5 | E16: 3.8 | F16: 3.2 | G16: 2.8 | H16: 0.6 | I16: 0.15 | J16: USD
A17: ICN-LAX | B17: 90 | D17: 8.5 | E17: 7.2 | F17: 6.5 | G17: 5.8 | H17: 1.2 | I17: 0.25 | J17: USD
A18: HKG-ICN | B18: 650 | C18: 50 | D18: 30 | E18: 25 | F18: 30 | G18: 30 | H18: 2.1 | I18: 2 | J18: HKD
A19: 2. Local charges (참고 단가 · 입력 시트 참고/예외)
A20: Charge Item | B20: Unit | C20: Rate | D20: MIN | E20: Note
A21: Handling Fee | B21: Per Shipment | C21: 30 | D21: 30 | E21: 건별
A22: Doc Fee | B22: Per BL | C22: 25 | D22: 25 | E22: BL당
A23: Trucking | B23: Per CBM | C23: 15 | D23: 80 | E23: CBM, MIN
A24: Terminal Charge | B24: Per KG | C24: 1.68 | D24: 60 | E24: C.W. kg, MIN
A25: CFS | B25: Per KG | C25: 0.7 | D25: 200 | E25: C.W. kg, MIN
A26: Pickup (temp) | B26: Per Shipment | C26: 0 | D26: 2000 | E26: MIN/shpt
A27: Export declaration | B27: Per Entry | C27: 200 | D27: 213 | E27: MIN/entry
A28: RE-PACKING | B28: Per PLT | C28: 300 | D28: 300 | E28: Per PLT
A29: XRAY | B29: Per KG | C29: 1 | D29: 0 | E29: Per KG
A30: Gate / parking / toll | B30: Manual | C30: 0 | D30: 0 | E30: At cost

Sheet 입력
B2: 항공 가견적 시뮬레이터
B3: 입력 | C3: 자동 | D3: 예외 | E3: 작업은 [입력]만 · 로컬 참고/예외 · 공유는 [견적서]
B4: 1. 화물 입력
B5: Route | C5: HKG-ICN | E5: B/L 수 | F5: 1
B6: 화물 세부 (#열 = 규격)
B7: 항목 | C7: #1 | D7: #2 | E7: #3 | F7: #4 | G7: #5 | H7: #6 | I7: #7 | J7: #8 | K7: #9 | L7: #10 | M7: TOTAL
B8: L (cm) | C8: 110
B9: W (cm) | C9: 110
B10: H (cm) | C10: 109
B11: Qty | C11: 1
B12: Gross | C12: 194.5 | M12: =IFERROR(SUM(C12:L12),0)
B13: CBM | C13: =IFERROR(IF(COUNTA(C8:C11)<4,"",C8*C9*C10*C11/Master_DB!$B$6),"") | D13: =IFERROR(IF(COUNTA(D8:D11)<4,"",D8*D9*D10*D11/Master_DB!$B$6),"") | E13: =IFERROR(IF(COUNTA(E8:E11)<4,"",E8*E9*E10*E11/Master_DB!$B$6),"") | F13: =IFERROR(IF(COUNTA(F8:F11)<4,"",F8*F9*F10*F11/Master_DB!$B$6),"") | G13: =IFERROR(IF(COUNTA(G8:G11)<4,"",G8*G9*G10*G11/Master_DB!$B$6),"") | H13: =IFERROR(IF(COUNTA(H8:H11)<4,"",H8*H9*H10*H11/Master_DB!$B$6),"") | I13: =IFERROR(IF(COUNTA(I8:I11)<4,"",I8*I9*I10*I11/Master_DB!$B$6),"") | J13: =IFERROR(IF(COUNTA(J8:J11)<4,"",J8*J9*J10*J11/Master_DB!$B$6),"") | ... L13: =IFERROR(IF(COUNTA(L8:L11)<4,"",L8*L9*L10*L11/Master_DB!$B$6),"") | M13: =IFERROR(SUM(C13:L13),0)
B14: C.W. | C14: =IFERROR(IF(AND(C12="",C13=""),"",MAX(N(C12),N(C13)*Master_DB!$B$5)),"") | D14: =IFERROR(IF(AND(D12="",D13=""),"",MAX(N(D12),N(D13)*Master_DB!$B$5)),"") | E14: =IFERROR(IF(AND(E12="",E13=""),"",MAX(N(E12),N(E13)*Master_DB!$B$5)),"") | F14: =IFERROR(IF(AND(F12="",F13=""),"",MAX(N(F12),N(F13)*Master_DB!$B$5)),"") | G14: =IFERROR(IF(AND(G12="",G13=""),"",MAX(N(G12),N(G13)*Master_DB!$B$5)),"") | H14: =IFERROR(IF(AND(H12="",H13=""),"",MAX(N(H12),N(H13)*Master_DB!$B$5)),"") | I14: =IFERROR(IF(AND(I12="",I13=""),"",MAX(N(I12),N(I13)*Master_DB!$B$5)),"") | J14: =IFERROR(IF(AND(J12="",J13=""),"",MAX(N(J12),N(J13)*Master_DB!$B$5)),"") | ... L14: =IFERROR(IF(AND(L12="",L13=""),"",MAX(N(L12),N(L13)*Master_DB!$B$5)),"") | M14: =IFERROR(SUM(C14:L14),0)
B16: 2. 자동 계산 | E16: 3. 비용 내역
B17: CBM | C17: =IFERROR(IF(M13="","",M13),"") | E17: 항목 | G17: 단위 | I17: 참고 | J17: 예외
B18: 실중량합 | C18: =IFERROR(IF(M12="","",M12),"") | E18: Air Freight | G18: =IFERROR(C21,"") | I18: =IFERROR(IF(OR(C22="",C20="",C23=""),"",MAX(C22*C20,C23)),"")
B19: 부피중량 | C19: =IFERROR(IF(C17="","",C17*Master_DB!$B$5),"") | E19: FSC | G19: Per KG | I19: =IFERROR(IF(OR(C24="",C20=""),"",C24*C20),"")
B20: C.W. | C20: =IFERROR(IF(M14="","",M14),"") | E20: SSC | G20: Per KG | I20: =IFERROR(IF(OR(C25="",C20=""),"",C25*C20),"")
B21: Break | C21: =IFERROR(IF(C20="","",IF(C20<Master_DB!$B$9,"-45",IF(C20>=Master_DB!$B$12,"+1000",IF(C20>=Master_DB!$B$11,"+500",IF(C20>=Master_DB!$B$10,"+100","+45"))))),"") | E21: Handling Fee | G21: =IFERROR(INDEX(Master_DB!$B$21:$B$40,MATCH("Handling Fee",Master_DB!$A$21:$A$40,0)),"") | I21: =IFERROR(MAX(INDEX(Master_DB!$C$21:$C$40,MATCH("Handling Fee",Master_DB!$A$21:$A$40,0)),INDEX(Master_DB!$D$21:$D$40,MATCH("Handling Fee",Master_DB!$A$21:$A$40,0))),"") | J21: 321
B22: Air Rate | C22: =IFERROR(IF(OR(C5="",C20=""),"",IF(C20<Master_DB!$B$9,VLOOKUP(C5,Master_DB!$A$16:$J$50,3,FALSE),IF(C20>=Master_DB!$B$12,VLOOKUP(C5,Master_DB!$A$16:$J$50,7,FALSE),IF(C20>=Master_DB!$B$11,VLOOKUP(C5,Master_DB!$A$16:$J$50,6,FALSE),IF(C20>=Master_DB!$B$10,VLOOKUP(C5,Master_DB!$A$16:$J$50,5,FALSE),VLOOKUP(C5,Master_DB!$A$16:$J$50,4,FALSE)))))),"") | E22: Doc Fee | G22: =IFERROR(INDEX(Master_DB!$B$21:$B$40,MATCH("Doc Fee",Master_DB!$A$21:$A$40,0)),"") | I22: =IFERROR(IF(F5="","",MAX(INDEX(Master_DB!$C$21:$C$40,MATCH("Doc Fee",Master_DB!$A$21:$A$40,0)),INDEX(Master_DB!$D$21:$D$40,MATCH("Doc Fee",Master_DB!$A$21:$A$40,0)))*F5),"") | J22: 15
B23: Air MIN | C23: =IFERROR(IF(C5="","",VLOOKUP(C5,Master_DB!$A$16:$J$50,2,FALSE)),"") | E23: Trucking | G23: =IFERROR(INDEX(Master_DB!$B$21:$B$40,MATCH("Trucking",Master_DB!$A$21:$A$40,0)),"") | I23: =IFERROR(IF(M13="","",MAX(INDEX(Master_DB!$C$21:$C$40,MATCH("Trucking",Master_DB!$A$21:$A$40,0))*M13,INDEX(Master_DB!$D$21:$D$40,MATCH("Trucking",Master_DB!$A$21:$A$40,0)))),"") | J23: 0
B24: FSC /kg | C24: =IFERROR(IF(C5="","",VLOOKUP(C5,Master_DB!$A$16:$J$50,8,FALSE)),"") | E24: Terminal Charge | G24: =IFERROR(INDEX(Master_DB!$B$21:$B$40,MATCH("Terminal Charge",Master_DB!$A$21:$A$40,0)),"") | I24: =IFERROR(IF(C20="","",MAX(INDEX(Master_DB!$C$21:$C$40,MATCH("Terminal Charge",Master_DB!$A$21:$A$40,0))*C20,INDEX(Master_DB!$D$21:$D$40,MATCH("Terminal Charge",Master_DB!$A$21:$A$40,0)))),"")
B25: SSC /kg | C25: =IFERROR(IF(C5="","",VLOOKUP(C5,Master_DB!$A$16:$J$50,9,FALSE)),"") | E25: XRAY | G25: Per KG | I25: =IFERROR(IF(C20="","",INDEX(Master_DB!$C$21:$C$40,MATCH("XRAY",Master_DB!$A$21:$A$40,0))*C20),"") | J25: 220.26
E26: CFS | G26: Per KG | I26: =IFERROR(IF(C20="","",MAX(INDEX(Master_DB!$C$21:$C$40,MATCH("CFS",Master_DB!$A$21:$A$40,0))*C20,INDEX(Master_DB!$D$21:$D$40,MATCH("CFS",Master_DB!$A$21:$A$40,0)))),"") | J26: 200
E27: Pickup | G27: Per Shipment | I27: =IFERROR(INDEX(Master_DB!$D$21:$D$40,MATCH("Pickup (temp)",Master_DB!$A$21:$A$40,0)),"") | J27: 2000
E28: Export | G28: Per Entry | I28: =IFERROR(INDEX(Master_DB!$D$21:$D$40,MATCH("Export declaration",Master_DB!$A$21:$A$40,0))*F5,"") | J28: 213
E29: RE-PACK | G29: Per PLT | I29: =IFERROR(IF(SUM(C11:L11)=0,"",INDEX(Master_DB!$C$21:$C$40,MATCH("RE-PACKING",Master_DB!$A$21:$A$40,0))*SUM(C11:L11)),"") | J29: 300
E30: Gate/etc | G30: Manual | J30: 0
E31: TOTAL APPX. AMOUNT | I31: =IFERROR((IF(J18="",I18,J18)+IF(J19="",I19,J19)+IF(J20="",I20,J20)+IF(J21="",I21,J21)+IF(J22="",I22,J22)+IF(J23="",I23,J23)+IF(J24="",I24,J24)+IF(J25="",I25,J25)+IF(J26="",I26,J26)+IF(J27="",I27,J27)+IF(J28="",I28,J28)+IF(J29="",I29,J29)+IF(J30="",I30,J30))*IF(C33="HKD",C34,1),"")
B33: Currency | C33: =IFERROR(IF(C5="","",VLOOKUP(C5,Master_DB!$A$16:$J$50,10,FALSE)),"USD")
B34: Ex.Rate | C34: 1
B35: Route | C35: =IFERROR(C5,"")
B36: C.W. | C36: =IFERROR(C20,"")
B37: Carrier | C37: KE
B38: Remark | C38: KEEP COOL / Maintained at 2-8°C at airline terminal
B39: Valid until | C39: 31 Aug 2026
B41: Currency=Master CUR(J) | HKD·이미HKD→Ex.Rate=1 | Carrier·Remark·Valid→견적서

Sheet 견적서
B2: WAC Logistics
B3: AIR FREIGHT QUOTATION
B4: Approximate quote · Not a final invoice
B6: Shipment
B7: Route | C7: =입력!C5 | D7: B/L | E7: =입력!F5 | F7: Currency | G7: =입력!C33
B8: CBM | C8: =입력!M13 | D8: C.W. | E8: =입력!M14 | F8: Break | G8: =입력!C21
B9: Carrier | C9: =입력!C37 | D9: Valid until | E9: =입력!C39
B10: Cargo
B11: # | C11: Dimensions (cm) | D11: Qty | E11: Gross | F11: CBM | G11: C.W.
B12: 1 | C12: =IFERROR(IF(입력!C8="","",입력!C8&" × "&입력!C9&" × "&입력!C10),"") | D12: =IFERROR(IF(입력!C11="","",입력!C11),"") | E12: =IFERROR(IF(입력!C12="","",입력!C12),"") | F12: =IFERROR(IF(입력!C13="","",입력!C13),"") | G12: =IFERROR(IF(입력!C14="","",입력!C14),"")
B13: 2 | C13: =IFERROR(IF(입력!D8="","",입력!D8&" × "&입력!D9&" × "&입력!D10),"") | D13: =IFERROR(IF(입력!D11="","",입력!D11),"") | E13: =IFERROR(IF(입력!D12="","",입력!D12),"") | F13: =IFERROR(IF(입력!D13="","",입력!D13),"") | G13: =IFERROR(IF(입력!D14="","",입력!D14),"")
B14: 3 | C14: =IFERROR(IF(입력!E8="","",입력!E8&" × "&입력!E9&" × "&입력!E10),"") | D14: =IFERROR(IF(입력!E11="","",입력!E11),"") | E14: =IFERROR(IF(입력!E12="","",입력!E12),"") | F14: =IFERROR(IF(입력!E13="","",입력!E13),"") | G14: =IFERROR(IF(입력!E14="","",입력!E14),"")
B15: 4 | C15: =IFERROR(IF(입력!F8="","",입력!F8&" × "&입력!F9&" × "&입력!F10),"") | D15: =IFERROR(IF(입력!F11="","",입력!F11),"") | E15: =IFERROR(IF(입력!F12="","",입력!F12),"") | F15: =IFERROR(IF(입력!F13="","",입력!F13),"") | G15: =IFERROR(IF(입력!F14="","",입력!F14),"")
B16: 5 | C16: =IFERROR(IF(입력!G8="","",입력!G8&" × "&입력!G9&" × "&입력!G10),"") | D16: =IFERROR(IF(입력!G11="","",입력!G11),"") | E16: =IFERROR(IF(입력!G12="","",입력!G12),"") | F16: =IFERROR(IF(입력!G13="","",입력!G13),"") | G16: =IFERROR(IF(입력!G14="","",입력!G14),"")
B17: 6 | C17: =IFERROR(IF(입력!H8="","",입력!H8&" × "&입력!H9&" × "&입력!H10),"") | D17: =IFERROR(IF(입력!H11="","",입력!H11),"") | E17: =IFERROR(IF(입력!H12="","",입력!H12),"") | F17: =IFERROR(IF(입력!H13="","",입력!H13),"") | G17: =IFERROR(IF(입력!H14="","",입력!H14),"")
B18: 7 | C18: =IFERROR(IF(입력!I8="","",입력!I8&" × "&입력!I9&" × "&입력!I10),"") | D18: =IFERROR(IF(입력!I11="","",입력!I11),"") | E18: =IFERROR(IF(입력!I12="","",입력!I12),"") | F18: =IFERROR(IF(입력!I13="","",입력!I13),"") | G18: =IFERROR(IF(입력!I14="","",입력!I14),"")
B19: 8 | C19: =IFERROR(IF(입력!J8="","",입력!J8&" × "&입력!J9&" × "&입력!J10),"") | D19: =IFERROR(IF(입력!J11="","",입력!J11),"") | E19: =IFERROR(IF(입력!J12="","",입력!J12),"") | F19: =IFERROR(IF(입력!J13="","",입력!J13),"") | G19: =IFERROR(IF(입력!J14="","",입력!J14),"")
B20: 9 | C20: =IFERROR(IF(입력!K8="","",입력!K8&" × "&입력!K9&" × "&입력!K10),"") | D20: =IFERROR(IF(입력!K11="","",입력!K11),"") | E20: =IFERROR(IF(입력!K12="","",입력!K12),"") | F20: =IFERROR(IF(입력!K13="","",입력!K13),"") | G20: =IFERROR(IF(입력!K14="","",입력!K14),"")
B21: 10 | C21: =IFERROR(IF(입력!L8="","",입력!L8&" × "&입력!L9&" × "&입력!L10),"") | D21: =IFERROR(IF(입력!L11="","",입력!L11),"") | E21: =IFERROR(IF(입력!L12="","",입력!L12),"") | F21: =IFERROR(IF(입력!L13="","",입력!L13),"") | G21: =IFERROR(IF(입력!L14="","",입력!L14),"")
B22: TOTAL | F22: =입력!M13 | G22: =입력!M14
B23: Remark | C23: =입력!C38
B24: Charges
B25: Description | F25: Amount
B26: =입력!E18 | F26: =IFERROR(IF(입력!J18="",입력!I18,입력!J18)*IF(입력!C33="HKD",입력!C34,1),"")
B27: =입력!E19 | F27: =IFERROR(IF(입력!J19="",입력!I19,입력!J19)*IF(입력!C33="HKD",입력!C34,1),"")
B28: =입력!E20 | F28: =IFERROR(IF(입력!J20="",입력!I20,입력!J20)*IF(입력!C33="HKD",입력!C34,1),"")
B29: =입력!E21 | F29: =IFERROR(IF(입력!J21="",입력!I21,입력!J21)*IF(입력!C33="HKD",입력!C34,1),"")
B30: =입력!E22 | F30: =IFERROR(IF(입력!J22="",입력!I22,입력!J22)*IF(입력!C33="HKD",입력!C34,1),"")
B31: =입력!E23 | F31: =IFERROR(IF(입력!J23="",입력!I23,입력!J23)*IF(입력!C33="HKD",입력!C34,1),"")
B32: =입력!E24 | F32: =IFERROR(IF(입력!J24="",입력!I24,입력!J24)*IF(입력!C33="HKD",입력!C34,1),"")
B33: =입력!E25 | F33: =IFERROR(IF(입력!J25="",입력!I25,입력!J25)*IF(입력!C33="HKD",입력!C34,1),"")
B34: =입력!E26 | F34: =IFERROR(IF(입력!J26="",입력!I26,입력!J26)*IF(입력!C33="HKD",입력!C34,1),"")
B35: =입력!E27 | F35: =IFERROR(IF(입력!J27="",입력!I27,입력!J27)*IF(입력!C33="HKD",입력!C34,1),"")
B36: =입력!E28 | F36: =IFERROR(IF(입력!J28="",입력!I28,입력!J28)*IF(입력!C33="HKD",입력!C34,1),"")
B37: =입력!E29 | F37: =IFERROR(IF(입력!J29="",입력!I29,입력!J29)*IF(입력!C33="HKD",입력!C34,1),"")
B38: =입력!E30 | F38: =IFERROR(IF(입력!J30="",입력!I30,입력!J30)*IF(입력!C33="HKD",입력!C34,1),"")
B39: TOTAL APPX. AMOUNT | F39: =입력!I31
B42: This quotation is indicative and subject to confirmation.
